ServiceNo,Operator,Direction,Category,OriginCode,DestinationCode,AM_Peak_Freq,AM_Offpeak_Freq,PM_Peak_Freq,PM_Offpeak_Freq,LoopDesc
118,GAS,1,TRUNK,65009,97009,5-08,8-12,8-10,09-14,
118,GAS,2,TRUNK,97009,65009,10-10,8-11,4-08,9-12,
118A,GAS,1,TRUNK,65199,96119,14-16,-,-,-,
118B,GAS,1,TRUNK,96111,65191,-,-,24-57,-,
119,GAS,1,TRUNK,65009,65009,16-08,18-12,17-12,15-17,Hougang St 21
12,GAS,1,TRUNK,77009,10499,9,09-14,9-10,11-13,
12,GAS,2,TRUNK,10499,77009,10,08-15,08-14,10-14,
12e,GAS,1,EXPRESS,77009,10499,20-30,30,20-30,20-30,
12e,GAS,2,EXPRESS,10499,77009,20-30,20-30,20-30,20-30,
136,GAS,1,TRUNK,54009,65009,09-13,10-13,10-15,15-19,
136,GAS,2,TRUNK,65009,54009,08-15,11-16,10-11,17-20,
15,GAS,1,TRUNK,77009,77009,4-09,04-13,07-15,13-16,Marine Parade Rd
15A,GAS,1,TRUNK,77009,83109,09-17,-,-,-,
17,GAS,1,TRUNK,77009,84009,8-11,10-12,10-11,11-15,
17,GAS,2,TRUNK,84009,77009,5-11,5-12,5-12,5-12,
17A,GAS,1,TRUNK,84009,84591,04-22,10-46,10-22,22-24,Bedok Nth Dr
2,GAS,1,TRUNK,99009,10499,10-10,09-16,09-18,14-18,
2,GAS,2,TRUNK,10499,99009,8-12,09-17,9-10,10-18,
2A,GAS,1,FEEDER,10499,85091,18-62,-,17-55,-,
3,GAS,1,TRUNK,75009,65009,7-11,09-14,8-09,12-14,
3,GAS,2,TRUNK,65009,75009,8-10,09-15,9-12,12-17,
34,GAS,1,TRUNK,65009,65009,4-09,04-15,09-13,11-14,PTB2 Basement
34A,GAS,1,TRUNK,65009,76059,18-44,26-39,00-00,00-00,PTB2 Basement
34B,GAS,1,TRUNK,75359,75351,109,-,106,-,
354,GAS,1,FEEDER,77009,77009,06-08,07-09,07-08,08-15,Jln Loyang Besar
358,GAS,1,TOWNLINK,77009,77009,05-07,07-08,05-07,05-13,Pasir Ris Dr 4
359,GAS,1,TOWNLINK,77009,77009,05-08,07-10,05-08,05-13,Pasir Ris St 11
36,GAS,1,TRUNK,95129,95129,08,08-11,08-10,08-12,Tomlinson Rd
36A,GAS,1,TRUNK,95129,09191,-,-,-,11-12,Tomlinson Rd
36B,GAS,1,TRUNK,93049,93199,08-08,09-283,09-09,-,Tomlinson Rd
381,GAS,1,FEEDER,65009,65009,10-12,10-12,10-12,10-15,Punggol East
382,GAS,1,FEEDER,65009,65009,8,8-10,8-10,8-12,Sumang Walk
382,GAS,2,FEEDER,65009,65009,8,8-10,8-10,8-12,Sumang Walk
382A,GAS,1,FEEDER,65009,65531,-,-,-,24-24,
382G,GAS,1,FEEDER,65009,65009,08-10,08-10,08-10,08-12,Sumang Walk
382W,GAS,1,FEEDER,65009,65009,08-10,08-10,08-10,08-12,Sumang Walk
386,GAS,1,FEEDER,65009,65009,07-11,15-10,07-11,15-07,Punggol Ctrl
386A,GAS,1,FEEDER,65009,65371,0-0,0-0,22-40,25-30,
3A,GAS,1,TRUNK,75009,77331,00-00,12-75,8-37,12-124,
3B,GAS,1,TRUNK,77289,77009,15-16,00-00,00-00,00-00,
403,GAS,1,TRUNK,77009,77009,09-13,13-19,14-19,14-15,Pasir Ris Rd
43,GAS,1,TRUNK,65009,94009,9,08-16,13-16,15-16,
43,GAS,2,TRUNK,94009,65009,14,10-17,10-17,13-18,
43e,GAS,1,EXPRESS,65009,92051,20-30,20-30,-,-,
43e,GAS,2,EXPRESS,92059,65009,-,-,20-30,20-30,
43M,GAS,1,TRUNK,65009,65009,07-10,08-17,04-15,13-16,S'goon Ctrl
518,GAS,1,EXPRESS,77009,77009,17-20,15-20,15-20,13-20,Bayfront Ave
518A,GAS,1,EXPRESS,77009,03519,30,-,-,-,
6,GAS,1,TRUNK,77009,77009,07-08,07-17,07-08,08,Loyang Cres
62,GAS,1,TRUNK,65009,65009,8-09,08-17,07-14,07-17,Sims Ave
62A,GAS,1,TRUNK,65009,81089,00-00,00-00,28,28,Sims Ave
661,GAS,1,EXPRESS,78111,03391,20-20,-,-,-,
661,GAS,2,EXPRESS,03539,78119,-,-,15-15,-,
68,GAS,1,TRUNK,77009,77009,15,15,15,15,Tampines Ctrl 1
68A,GAS,1,TRUNK,75469,75009,15-16,-,-,-,
68B,GAS,1,TRUNK,75009,75461,-,-,14-15,-,
82,GAS,1,TRUNK,65009,65009,13-15,15-12,17-12,14-18,S'goon Ctrl
83,GAS,1,TRUNK,65009,65009,10-10,09-14,8-10,12-16,Sengkang Sq
84,GAS,1,TRUNK,65009,65009,10,10,10,10-15,Punggol Rd
85,GAS,1,TRUNK,65009,59009,09-15,09-16,9-10,14-18,
85,GAS,2,TRUNK,59009,65009,10-14,10-15,9-10,11-18,
85A,GAS,1,TRUNK,59009,67441,10-14,10-15,9-10,11-18,
10,SBST,1,TRUNK,75009,16009,09-09,05-17,10-15,11-15,
10,SBST,2,TRUNK,16009,75009,10-11,09-16,07-12,12-16,
100,SBST,1,TRUNK,66009,11009,06-10,06-15,07-13,13-22,
100,SBST,2,TRUNK,11009,66009,06-08,06-13,08-12,12-15,
100A,SBST,1,TRUNK,66009,81089,17-44,-,19-30,15-19,
101,SBST,1,TRUNK,66009,66009,08-09,07-13,08-09,08-14,Buangkok Cres
102,SBST,1,TRUNK,64009,64009,10-11,10-13,11-12,11-15,Seletar Aerospace Avenue
103,SBST,1,TRUNK,66009,59009,09-12,09-15,10-13,10-16,
103,SBST,2,TRUNK,59009,66009,09-11,09-16,08-11,13-17,
105,SBST,1,TRUNK,66009,28009,08-11,08-15,09-16,11-16,
105,SBST,2,TRUNK,28009,66009,07-15,08-15,09-14,12-14,
105B,SBST,1,TRUNK,28009,17179,14-14,-,-,-,
107,SBST,1,TRUNK,64009,03239,07-10,09-17,09-17,16-16,
107,SBST,2,TRUNK,03239,64009,13-15,09-16,09-10,09-10,
107M,SBST,1,TRUNK,64009,64009,13-14,11-17,14-14,13-14,Raffles Blvd
109,SBST,1,TRUNK,66009,99009,9-15,08-17,08-20,11-15,
109,SBST,2,TRUNK,99009,66009,10-15,09-17,10-13,13-19,
109A,SBST,1,TRUNK,66009,64611,-,-,28-28,15-26,
10e,SBST,1,EXPRESS,85049,03217,10-14,-,-,-,
10e,SBST,2,EXPRESS,03222,85041,-,-,10-10,-,
11,SBST,1,TRUNK,80009,80009,15-17,15-19,15-19,15-18,Rhu Cross
111,SBST,1,TRUNK,11009,11009,9-10,9-14,11-11,10-14,Temasek Ave
112,SBST,1,TRUNK,64009,64009,10-13,10-14,10-13,12-15,Hougang St 92
112A,SBST,1,TRUNK,64009,63031,-,-,-,15-15,
113,SBST,1,TRUNK,64009,64009,14-15,11-18,16-18,11-17,Upp Paya Lebar Rd
113A,SBST,1,TRUNK,63039,63031,-,-,16-21,-,Upp Paya Lebar Rd
115,SBST,1,TRUNK,63221,63221,31-31,29-50,32-32,-,Hougang Ave 3
116,SBST,1,TRUNK,64009,64009,09-10,10-14,10-10,10-14,S'goon Ctrl
116A,SBST,1,TRUNK,66439,66359,31-31,-,-,-,
117,SBST,1,TRUNK,65009,58009,11-12,11-14,10-11,13-13,
117,SBST,2,TRUNK,58009,65009,08-12,11-14,10-11,11-14,
117A,SBST,1,TRUNK,59479,59041,13-13,-,-,-,
117B,SBST,1,TRUNK,58009,59073,-,-,-,-,
120,SBST,1,TRUNK,10499,10499,11-12,11-14,11-13,12-15,Telok Blangah Hts
121,SBST,1,TRUNK,10499,10499,10-10,10-13,10-12,10-12,Telok Blangah Rise
122,SBST,1,TRUNK,10499,10499,11-13,12-16,13-17,13-17,C'wealth Dr
123,SBST,1,TRUNK,10009,14539,10-12,12-15,12-16,15-16,
123,SBST,2,TRUNK,14539,10009,11-12,11-15,13-14,14-15,
123M,SBST,1,TRUNK,14009,14009,10-14,10-20,12-15,14-15,Tiong Bahru Rd
124,SBST,1,TRUNK,52499,14009,06-08,06-10,06-08,06-10,
124,SBST,2,TRUNK,14009,52499,05-09,05-10,05-09,07-11,
125,SBST,1,TRUNK,52499,52499,11-12,9-18,9-17,15-18,Sims Dr
125A,SBST,1,TRUNK,81081,60219,07-13,-,-,-,
127,SBST,1,TRUNK,75009,75009,10-10,15-20,10-15,10-20,Tampines Ind Ave 5
127A,SBST,1,TRUNK,75009,75281,-,-,-,20-20,
128,SBST,1,TRUNK,55009,03239,15-15,-,-,-,
128,SBST,2,TRUNK,03239,55009,-,-,15-15,-,
129,SBST,1,TRUNK,75019,52499,12-12,15-15,12-15,12-15,
129,SBST,2,TRUNK,52499,75019,12-12,15-15,12-15,12-15,
13,SBST,1,TRUNK,55509,94009,09-11,08-13,10-14,13-17,
13,SBST,2,TRUNK,94009,55509,10-13,08-14,08-11,11-19,
130,SBST,1,TRUNK,54009,03239,08-10,10-14,10-15,15-16,
130,SBST,2,TRUNK,03239,54009,12-14,10-14,10-13,13-15,
130A,SBST,1,TRUNK,54009,53189,10-22,10-42,-,-,
131,SBST,1,TRUNK,52499,10009,05-11,08-14,10-10,10-14,
131,SBST,2,TRUNK,10009,52499,07-11,07-14,09-14,10-14,
131A,SBST,1,TRUNK,52499,03217,15-16,-,-,-,
131M,SBST,1,TRUNK,10009,10009,27-33,29-29,24-33,33-33,Bt Purmei Ave
132,SBST,1,TRUNK,64009,10009,09-16,08-19,13-19,13-19,
132,SBST,2,TRUNK,10009,64009,11-15,10-19,07-14,15-16,
133,SBST,1,TRUNK,54009,03239,09-09,08-12,09-12,10-12,
133,SBST,2,TRUNK,03239,54009,11-12,08-11,09-09,10-11,
134,SBST,1,TRUNK,80289,80289,10-10,12-13,11-13,11-12,Marine Terr
135,SBST,1,TRUNK,54009,54009,10-11,10-13,11-14,13-15,Siglap Rd
135A,SBST,1,TRUNK,54009,93201,-,-,-,14-14,Siglap Rd
137,SBST,1,TRUNK,80289,94009,14-15,10-15,12-15,14-15,
137,SBST,2,TRUNK,94009,80289,14-15,12-16,12-15,13-15,
137A,SBST,1,TRUNK,84031,84451,15-19,-,-,-,
138,SBST,1,TRUNK,54009,54009,10-11,08-11,08-11,08-12,Mandai Lake Rd
138A,SBST,1,TRUNK,54009,48131,-,13-14,-,-,Mandai Lake Rd
138B,SBST,1,TRUNK,54009,55121,-,-,22-22,14-24,
139,SBST,1,TRUNK,52009,10009,08-10,11-15,09-13,13-17,
139,SBST,2,TRUNK,10009,52009,08-12,09-16,11-13,12-17,
139M,SBST,1,TRUNK,52009,52009,10-19,12-20,10-20,12-18,Jln Bahagia
13A,SBST,1,TRUNK,54019,53231,10-19,11-19,-,-,
14,SBST,1,TRUNK,84009,17009,09-12,07-16,14-15,10-19,
14,SBST,2,TRUNK,17009,84009,12-14,09-16,10-12,12-17,
140,SBST,1,TRUNK,80009,80009,14-14,14-15,14-15,14-15,St. Wilfred Rd
141,SBST,1,TRUNK,80009,52009,11-13,13-15,14-15,13-15,
141,SBST,2,TRUNK,52009,80009,10-12,12-15,11-15,13-15,
142,SBST,1,TRUNK,52009,52009,08-09,07-10,08-08,08-11,Potong Pasir Ave 1
142A,SBST,1,TRUNK,52009,60209,-,-,-,-,Potong Pasir Ave 1
145,SBST,1,TRUNK,52009,11379,06-08,06-14,09-11,11-14,
145,SBST,2,TRUNK,11379,52009,08-09,06-11,07-13,11-14,
145A,SBST,1,TRUNK,10209,14249,08-27,09-24,-,-,
147,SBST,1,TRUNK,64009,17009,06-12,06-18,09-13,08-13,
147,SBST,2,TRUNK,17009,64009,07-10,08-14,07-09,10-11,
147A,SBST,1,TRUNK,64009,05019,17-23,15-51,-,-,
147e,SBST,1,EXPRESS,04239,17009,20-20,20-30,20-30,20-30,
147e,SBST,2,EXPRESS,17009,04222,20-30,20-30,20-20,20-30,
14A,SBST,1,TRUNK,84009,09059,18-18,14-24,-,-,
14e,SBST,1,EXPRESS,84211,09048,12-13,-,-,-,
14e,SBST,2,EXPRESS,09048,84219,-,-,12-12,-,
150,SBST,1,TRUNK,82009,82009,12-12,13-15,12-13,14-15,Marine Terr
151,SBST,1,TRUNK,64009,16009,06-12,06-15,08-10,14-17,
151,SBST,2,TRUNK,16009,64009,07-13,07-17,08-09,10-20,
151e,SBST,1,EXPRESS,64009,16009,15-15,-,-,-,
151e,SBST,2,EXPRESS,16009,64009,-,-,15-15,-,
153,SBST,1,TRUNK,10009,64009,12-15,12-15,09-11,14-16,
153,SBST,2,TRUNK,64009,10009,10-15,09-16,10-13,15-18,
154,SBST,1,TRUNK,22009,82009,04-10,05-11,07-10,08-19,
154,SBST,2,TRUNK,82009,22009,09-13,06-14,06-11,08-15,
154A,SBST,1,TRUNK,21551,28091,22-25,-,-,-,
154B,SBST,1,TRUNK,22009,12101,08-42,-,-,-,
155,SBST,1,TRUNK,52009,84009,10-15,09-16,15-17,15-17,
155,SBST,2,TRUNK,84009,52009,10-12,10-17,09-17,16-17,
156,SBST,1,TRUNK,67009,17009,09-17,09-17,11-15,15-19,
156,SBST,2,TRUNK,17009,67009,11-14,09-17,10-14,15-17,
157,SBST,1,TRUNK,52009,22009,08-14,07-15,08-10,11-15,
157,SBST,2,TRUNK,22009,52009,09-11,07-15,08-12,11-17,
158,SBST,1,TRUNK,66009,66009,11-13,10-16,13-14,13-17,Rhu Cross
158A,SBST,1,TRUNK,81089,81081,26-26,-,-,-,Rhu Cross
159,SBST,1,TRUNK,67009,52009,06-14,07-14,09-11,10-13,
159,SBST,2,TRUNK,52009,67009,09-13,08-12,09-11,10-14,
159A,SBST,1,TRUNK,67009,54399,11-19,13-21,-,-,
159B,SBST,1,TRUNK,54391,54481,04-53,-,-,-,
16,SBST,1,TRUNK,84009,10009,08-09,07-13,10-12,10-12,
16,SBST,2,TRUNK,10009,84009,10-10,07-13,10-11,10-13,
160,SBST,1,TRUNK,28009,28009,15-18,12-20,14-17,15-20,Jln Jim Quee
160A,SBST,1,TRUNK,28009,43671,13-15,15-15,15-15,14-15,
161,SBST,1,TRUNK,64009,46009,5-9,6-11,7-9,9-13,
161,SBST,2,TRUNK,46009,64009,5-10,6-10,6-10,8-12,
162,SBST,1,TRUNK,55509,03239,10-11,09-15,09-10,-,
162,SBST,2,TRUNK,03239,55509,13-15,08-15,12-19,18-18,
162M,SBST,1,TRUNK,55509,55509,11-13,12-15,14-15,14-15,Temasek Ave
163,SBST,1,TRUNK,67009,52009,07-10,07-13,07-12,12-15,
163,SBST,2,TRUNK,52009,67009,06-12,06-13,07-09,07-15,
163A,SBST,1,TRUNK,67009,67651,-,-,-,16-17,
165,SBST,1,TRUNK,64009,17009,08-14,09-17,10-11,13-17,
165,SBST,2,TRUNK,17009,64009,10-12,09-14,09-15,12-15,
166,SBST,1,TRUNK,54009,17009,08-10,08-19,08-14,14-19,
166,SBST,2,TRUNK,17009,54009,10-11,07-16,09-18,14-19,
168,SBST,1,TRUNK,84009,46009,05-08,6-11,05-11,10-13,
168,SBST,2,TRUNK,46009,84009,5-7,05-12,07-08,8-12,
170,SBST,1,TRUNK,01109,46239,12-18,13-20,18-19,12-15,
170,SBST,2,TRUNK,46239,01109,14-15,13-18,17-18,13-18,
170A,SBST,1,TRUNK,01109,46069,19-21,16-29,21-21,14-21,
170X,SBST,1,TRUNK,45131,47711,04-09,05-17,05-09,07-11,
170X,SBST,2,TRUNK,47711,45139,06-10,05-17,05-09,07-11,
174,SBST,1,TRUNK,22009,10499,09-10,05-14,12-19,12-19,
174,SBST,2,TRUNK,10499,22009,14-15,08-14,12-15,14-16,
174e,SBST,1,EXPRESS,22009,10499,13-13,-,-,-,
174e,SBST,2,EXPRESS,10499,22009,-,-,13-14,-,
175,SBST,1,TRUNK,17009,80009,11-15,10-20,15-15,17-19,
175,SBST,2,TRUNK,80009,17009,10-13,12-19,11-18,20-20,
179,SBST,1,TRUNK,22009,22009,04-08,02-06,04-06,05-07,Nanyang Dr
179A,SBST,1,TRUNK,22009,22009,02-07,04-07,-,-,Nanyang Dr
18,SBST,1,TRUNK,75019,75019,11-13,12-15,14-17,12-15,Bedok Nth Dr
181,SBST,1,TRUNK,22009,22009,6-8,6-10,6-8,7-12,Jurong West Ave 3
181M,SBST,1,TRUNK,22009,22009,06-07,-,-,-,Jurong West St 23
182,SBST,1,TRUNK,24009,24009,07-09,08-18,-,17-18,Tuas Sth Ave 9
182M,SBST,1,TRUNK,24009,24009,-,07-19,08-11,11-19,Tuas Sth Ave 9
185,SBST,1,TRUNK,22609,11379,08-15,09-17,12-14,13-14,
185,SBST,2,TRUNK,11379,22609,08-15,08-15,10-18,13-17,
186,SBST,1,TRUNK,03239,52499,15-16,11-19,12-14,12-16,
186,SBST,2,TRUNK,52499,03239,08-14,12-18,15-19,16-19,
19,SBST,1,TRUNK,75009,75009,06-07,06-16,06-08,08-14,Airport Cargo Rd
191,SBST,1,TRUNK,11379,11379,15-20,15-20,15-15,20-20,Media Circle
192,SBST,1,TRUNK,22009,25009,06-10,07-15,07-10,07-13,
192,SBST,2,TRUNK,25009,22009,08-09,07-13,05-09,13-14,
193,SBST,1,TRUNK,22009,25009,06-10,05-19,07-18,07-19,
193,SBST,2,TRUNK,25009,22009,09-18,07-19,07-09,08-18,
194,SBST,1,TRUNK,22009,22009,09-10,09-13,09-16,15-16,Jln Ahmad Ibrahim
195,SBST,1,TRUNK,02099,02099,08-14,07-17,09-16,08-16,C'wealth Ave
195A,SBST,1,TRUNK,02099,10169,-,40-40,-,-,C'wealth Ave
196,SBST,1,TRUNK,84009,17009,07-08,06-17,09-11,09-14,
196,SBST,2,TRUNK,17009,84009,11-14,05-15,08-13,11-13,
196A,SBST,1,TRUNK,84009,03218,-,-,-,-,
196e,SBST,1,EXPRESS,93049,03218,08-08,-,-,-,
196e,SBST,2,EXPRESS,03222,93041,-,-,08-08,-,
197,SBST,1,TRUNK,84009,28009,10-11,08-18,10-16,13-17,
197,SBST,2,TRUNK,28009,84009,07-13,08-16,10-14,13-14,
198,SBST,1,TRUNK,22009,10009,05-09,05-12,06-09,08-12,
198,SBST,2,TRUNK,10009,22009,06-09,05-11,06-13,11-13,
198A,SBST,1,TRUNK,22009,28459,-,-,09-17,08-19,
199,SBST,1,TRUNK,22009,22009,04-09,04-16,06-08,06-15,Nanyang Cres
1N,SBST,1,NIGHT SERVICE,02099,59561,-,-,-,40-40,
20,SBST,1,TRUNK,75009,75009,09-11,10-13,10-12,11-15,Changi Business Pk Ave 3
200,SBST,1,TRUNK,11379,11389,9-10,9-30,9-10,14-27,Clementi Rd
200A,SBST,1,TRUNK,11379,16009,-,-,-,-,Clementi Rd
201,SBST,1,TRUNK,16009,16009,10-12,11-15,10-14,12-15,Pandan Gdns
21,SBST,1,TRUNK,77009,52499,07-13,08-15,11-14,12-14,
21,SBST,2,TRUNK,52499,77009,09-11,08-14,09-15,12-15,
21A,SBST,1,TRUNK,80089,07231,-,-,05-24,-,
22,SBST,1,TRUNK,54009,75009,08-10,10-18,08-10,13-18,
22,SBST,2,TRUNK,75009,54009,09-10,09-17,09-10,10-15,
222,SBST,1,FEEDER,84009,84009,04-07,04-10,05-06,05-14,Chai Chee Dr
222A,SBST,1,FEEDER,84009,84039,26-26,-,-,-,
222B,SBST,1,FEEDER,84039,84031,31-45,-,35-35,46-46,Chai Chee Dr
225G,SBST,1,FEEDER,84009,84009,03-05,03-13,03-06,04-12,Bedok Nth St 3
225W,SBST,1,FEEDER,84009,84009,04-06,05-09,04-07,04-10,Bedok Nth St 3
228,SBST,1,FEEDER,84009,84009,8-9,8-17,8-10,9-26,Bedok Reservoir Rd
229,SBST,1,FEEDER,84009,84009,7-9,8-14,7-9,7-16,Bedok Sth Rd
23,SBST,1,TRUNK,75009,75009,06-07,05-12,06-09,08-16,Rochor Canal Rd
231,SBST,1,FEEDER,52009,52009,9-9,8-13,9-10,9-11,Lor 5 Toa Payoh
232,SBST,1,FEEDER,52009,52009,05-06,05-09,05-06,05-11,Toa Payoh East
235,SBST,1,FEEDER,52009,52009,6-8,7-10,7-8,7-11,Toa Payoh Rise
238,SBST,1,FEEDER,52009,52009,3-6,2-7,2-6,3-6,Lor 8 Toa Payoh
24,SBST,1,TRUNK,54009,54009,08-09,08-11,08-13,13-15,PTB2 Basement
240,SBST,1,FEEDER,22009,22009,7-8,6-10,6-9,8-12,Jln Ahmad Ibrahim
240A,SBST,1,FEEDER,21581,28091,05-14,-,-,-,
240M,SBST,1,TRUNK,28091,28099,18-18,-,18-18,-,Jurong West St 64
241,SBST,1,FEEDER,22009,22009,5-7,3-9,3-4,3-8,Jurong West St 91
241A,SBST,1,FEEDER,27271,22529,05-16,05-20,-,-,Jurong West St 91
242,SBST,1,FEEDER,22009,22009,04-06,04-10,05-06,06-10,Jurong West Ave 5
243G,SBST,1,FEEDER,22009,22009,05-06,03-06,04-04,04-08,Jurong West Ave 5
243W,SBST,1,FEEDER,22009,22009,05-08,03-07,03-05,03-10,Jurong West Ave 5
246,SBST,1,INDUSTRIAL,22009,22009,11-12,11-16,11-14,15-19,Boon Lay Dr
247,SBST,1,INDUSTRIAL,25009,25009,10-10,10-15,10-13,13-15,Tuas Bay Link
248,SBST,1,INDUSTRIAL,25009,25009,10-10,10-15,10-12,12-15,Tuas Sth Ave 14
249,SBST,1,INDUSTRIAL,22009,22009,6-9,6-18,8-10,13-26,Jln Samulun
25,SBST,1,TRUNK,54009,94009,05-06,05-11,05-08,12-16,
25,SBST,2,TRUNK,94009,54009,05-06,05-11,05-06,06-14,
251,SBST,1,INDUSTRIAL,22009,22009,06-07,08-18,08-11,11-18,Shipyard Rd
252,SBST,1,INDUSTRIAL,22009,22009,8-10,7-18,7-9,8-20,Joo Koon Rd
253,SBST,1,INDUSTRIAL,24009,24009,09-10,10-14,10-12,12-14,Benoi Rd
254,SBST,1,TRUNK,24009,24009,07-08,07-14,07-11,11-15,Tuas Ave 11
255,SBST,1,INDUSTRIAL,24009,24009,07-07,07-11,07-07,10-14,Gul Cres
257,SBST,1,INDUSTRIAL,24009,24009,6-6,6-15,6-6,6-16,Pioneer Sector 2
258,SBST,1,INDUSTRIAL,24009,24009,10-12,11-14,11-14,11-14,Jurong West St 64
26,SBST,1,TRUNK,84009,52009,07-10,08-13,10-11,09-13,
26,SBST,2,TRUNK,52009,84009,08-10,09-12,10-11,09-13,
261,SBST,1,FEEDER,54009,54009,04-05,05-07,04-06,05-09,Ang Mo Kio Ave 10
262,SBST,1,FEEDER,54009,54009,07-08,10-12,07-10,08-15,Ang Mo Kio Ave 2
265,SBST,1,FEEDER,55009,55009,05-07,05-11,05-07,07-13,Ang Mo Kio Ave 10
268,SBST,1,FEEDER,55009,55009,07-08,07-13,07-08,07-14,Ang Mo Kio Ave 5
268A,SBST,1,FEEDER,55009,54659,28-29,-,-,-,Ang Mo Kio Ave 5
268B,SBST,1,FEEDER,55309,54261,13-24,-,38-38,-,
268C,SBST,1,FEEDER,54269,55301,36-38,-,30-40,-,
269,SBST,1,FEEDER,54009,54009,04-06,04-08,04-06,05-14,Ang Mo Kio St 61
269A,SBST,1,FEEDER,54009,55169,-,19-22,16-26,11-51,Ang Mo Kio St 61
27,SBST,1,TRUNK,64009,64009,06-08,06-08,07-10,09-11,PTB2 Basement
272,SBST,1,FEEDER,10009,10009,8-10,7-16,8-12,12-16,Telok Blangah Rise
273,SBST,1,FEEDER,10009,10009,7-9,7-12,8-10,8-14,Henderson Rd
27A,SBST,1,TRUNK,67261,76139,05-12,07-08,-,-,
28,SBST,1,TRUNK,75009,52009,09-12,07-14,13-15,13-14,
28,SBST,2,TRUNK,52009,75009,09-14,08-15,07-11,12-17,
29,SBST,1,TRUNK,75009,75009,08-10,07-15,09-10,09-20,Changi Village Rd
291,SBST,1,FEEDER,75009,75009,03-05,03-09,03-06,05-13,Tampines St 81
292,SBST,1,FEEDER,75009,75009,08-08,09-15,08-08,10-15,Tampines St 22
293,SBST,1,FEEDER,75009,75009,04-06,04-08,05-07,05-14,Tampines St 71
298,SBST,1,FEEDER,75019,75019,10-10,10-12,10-12,10-16,Tampines Street 86
29A,SBST,1,TRUNK,75009,76241,-,-,26-38,36-36,
2N,SBST,1,2-TIER FLAT FARE,02099,75109,-,-,-,40-40,
30,SBST,1,TRUNK,84009,22009,09-09,06-18,14-15,11-16,
30,SBST,2,TRUNK,22009,84009,08-11,08-16,08-15,11-18,
30e,SBST,1,EXPRESS,84009,16061,12-12,-,-,-,
30e,SBST,2,EXPRESS,16069,84009,-,-,12-12,-,
31,SBST,1,TRUNK,75009,52009,06-11,06-17,09-11,14-15,
31,SBST,2,TRUNK,52009,75009,08-10,08-15,09-10,13-17,
315,SBST,1,FEEDER,66009,66009,8-9,8-14,9-10,10-14,S'goon Nth Ave 5
317,SBST,1,FEEDER,66009,66009,7-9,8-16,8-10,9-17,Berwick Dr
31A,SBST,1,TRUNK,75009,85099,08-11,10-29,-,-,
32,SBST,1,TRUNK,84009,11379,10-17,10-18,14-18,15-17,
32,SBST,2,TRUNK,11379,84009,12-14,09-20,12-13,15-19,
324,SBST,1,FEEDER,64009,64009,09-10,09-15,09-10,09-15,Upp Serangoon View
325,SBST,1,FEEDER,64009,64009,9-10,9-13,9-10,10-13,Hougang St 91
329,SBST,1,FEEDER,64009,64009,10-10,12-12,10-12,10-15,Buangkok Cres
33,SBST,1,TRUNK,84009,16009,09-15,08-15,12-14,12-14,
33,SBST,2,TRUNK,16009,84009,11-14,08-16,08-11,12-16,
33A,SBST,1,TRUNK,16009,10149,-,19-19,-,-,
33B,SBST,1,TRUNK,84009,81179,17-17,09-41,-,-,
35,SBST,1,TRUNK,84009,84009,09-10,09-15,09-15,15-15,Alps Ave
35M,SBST,1,TRUNK,84009,84009,-,-,-,15-20,Tanah Merah Ferry Rd
37,SBST,1,TRUNK,75009,75009,06-08,06-13,08-12,12-12,Changi Nth Cres
371,SBST,1,FEEDER,67009,67009,10-10,8-13,10-13,8-14,Rivervale Cres
372,SBST,1,FEEDER,67009,67009,7-9,8-12,9-10,8-11,Punggol Rd
374,SBST,1,FEEDER,67759,67759,11-11,11-12,11-12,11-15,Fernvale Rd
38,SBST,1,TRUNK,75009,84009,08-10,09-14,08-15,12-15,
38,SBST,2,TRUNK,84009,75009,09-10,08-14,09-10,11-16,
39,SBST,1,TRUNK,75019,59009,07-13,08-14,08-17,15-17,
39,SBST,2,TRUNK,59009,75019,08-12,07-14,09-10,14-17,
3N,SBST,1,2-TIER FLAT FARE,02099,45301,-,-,-,40-40,
4,SBST,1,TRUNK,75009,75009,10-12,11-13,10-13,11-12,Changi Nth Way
40,SBST,1,TRUNK,84009,84009,12-14,14-18,15-19,18-19,Merpati Rd
400,SBST,1,TRUNK,03239,03239,20-20,20-20,20-20,20-20,Marina Coastal Dr
401,SBST,1,TRUNK,84009,84009,-,21-25,25-26,25-27,Fort Rd
405,SBST,1,TRUNK,22009,22009,22-22,25-26,-,-,Old Choa Chu Kang Rd
410,SBST,1,FEEDER,53009,53009,05-06,05-10,04-05,04-12,Shunfu Rd
410,SBST,2,FEEDER,53009,53009,05-06,05-12,06-06,06-14,Shunfu Rd
410G,SBST,1,FEEDER,53009,53009,05-07,06-12,06-07,06-14,Shunfu Rd
410W,SBST,1,FEEDER,53009,53009,05-06,05-10,04-05,04-12,Shunfu Rd
42,SBST,1,TRUNK,83321,83321,09-11,09-19,10-15,08-18,Fidelio St
45,SBST,1,TRUNK,94009,55009,08-16,08-18,08-13,08-18,
45,SBST,2,TRUNK,55009,94009,11-14,08-19,08-10,16-18,
45A,SBST,1,TRUNK,63291,62139,26-27,-,-,-,
46,SBST,1,TRUNK,94009,75009,12-12,13-15,12-12,12-16,
46,SBST,2,TRUNK,75009,94009,12-12,14-15,12-15,12-16,
47,SBST,1,TRUNK,97009,97009,09-10,09-13,10-10,12-14,Amber Rd
48,SBST,1,TRUNK,84299,11379,06-09,07-17,11-13,13-19,
48,SBST,2,TRUNK,11379,84299,10-13,09-16,08-17,14-18,
4N,SBST,1,NIGHT SERVICE,02099,78059,-,-,-,40-40,
5,SBST,1,TRUNK,77009,10009,08-13,09-17,13-14,12-18,
5,SBST,2,TRUNK,10009,77009,09-10,10-16,08-17,11-17,
50,SBST,1,TRUNK,53009,65009,08-13,07-13,09-14,12-14,
50,SBST,2,TRUNK,65009,53009,10-11,08-13,11-14,09-14,
502,SBST,1,EXPRESS,22609,22609,15-15,13-22,11-22,18-22,Central Blvd
502A,SBST,1,EXPRESS,22609,03529,20-20,-,-,-,
506,SBST,1,EXPRESS,28009,94009,12-15,12-22,16-24,19-24,
506,SBST,2,EXPRESS,94009,28009,15-19,14-22,13-18,19-21,
51,SBST,1,TRUNK,64009,28009,10-11,08-19,11-13,12-15,
51,SBST,2,TRUNK,28009,64009,12-14,08-16,09-16,10-16,
513,SBST,1,EXPRESS,75129,03218,12-13,-,-,-,
513,SBST,2,EXPRESS,03222,75121,-,-,15-15,-,
51A,SBST,1,TRUNK,28009,20191,-,-,-,17-17,
52,SBST,1,TRUNK,53009,28009,09-13,09-16,11-13,13-15,
52,SBST,2,TRUNK,28009,53009,08-16,10-17,11-20,14-19,
53,SBST,1,TRUNK,53009,53009,07-11,05-11,06-12,09-12,PTB2 Basement
53A,SBST,1,TRUNK,77289,95129,-,-,-,-,PTB2 Basement
53M,SBST,1,TRUNK,63261,63269,6-17,4-25,7-22,5-23,S'goon Ctrl
54,SBST,1,TRUNK,53009,10499,10-15,11-15,13-15,12-15,
54,SBST,2,TRUNK,10499,53009,13-19,10-15,11-18,11-18,
55,SBST,1,TRUNK,53009,94009,08-10,09-13,11-14,13-19,
55,SBST,2,TRUNK,94009,53009,09-10,09-15,09-14,12-14,
55B,SBST,1,TRUNK,53009,54381,-,-,-,15-15,
56,SBST,1,TRUNK,53009,02099,10-11,10-18,13-14,13-17,
56,SBST,2,TRUNK,02099,53009,10-16,10-17,11-15,15-16,
57,SBST,1,TRUNK,53009,10009,08-12,08-15,12-16,12-16,
57,SBST,2,TRUNK,10009,53009,12-13,11-16,11-12,14-15,
58,SBST,1,TRUNK,53009,77009,07-10,07-17,11-13,17-18,
58,SBST,2,TRUNK,77009,53009,08-10,08-19,07-14,15-17,
58A,SBST,1,TRUNK,62131,75351,-,-,-,-,
58B,SBST,1,TRUNK,77009,70281,-,-,-,-,
59,SBST,1,TRUNK,53009,99009,09-10,08-17,13-17,15-17,
59,SBST,2,TRUNK,99009,53009,10-13,08-16,08-19,14-19,
5N,SBST,1,NIGHT SERVICE,02099,27159,-,-,-,40-40,
60,SBST,1,TRUNK,82009,82009,06-10,05-10,05-12,06-17,Bedok Nth Dr
60A,SBST,1,TRUNK,82009,84511,-,-,10-14,11-52,
63,SBST,1,TRUNK,82009,82009,07-09,09-16,08-14,09-14,Jln Rumah Tinggi
63M,SBST,1,TRUNK,82009,82009,08-14,11-18,14-16,10-14,Circuit Rd
64,SBST,1,TRUNK,80289,80289,10-12,12-16,14-17,13-16,Mei Ling St
65,SBST,1,TRUNK,75009,14009,09-10,08-16,10-11,10-15,
65,SBST,2,TRUNK,14009,75009,08-10,08-12,10-13,07-15,
654,SBST,1,EXPRESS,67319,03218,05-05,-,-,-,
654,SBST,2,EXPRESS,03241,67311,-,-,07-08,-,
655,SBST,1,EXPRESS,20129,03391,15-15,-,-,-,
655,SBST,2,EXPRESS,03539,20121,-,-,15-15,-,
660,SBST,1,EXPRESS,66481,03218,06-07,-,-,-,
660,SBST,2,EXPRESS,03241,66489,-,-,15-15,-,
671,SBST,1,EXPRESS,65011,03391,20-20,-,-,-,
671,SBST,2,EXPRESS,03539,65019,-,-,15-15,-,
672,SBST,1,EXPRESS,64431,03391,15-15,-,-,-,
672,SBST,2,EXPRESS,03539,64561,-,-,15-15,-,
69,SBST,1,TRUNK,75009,75009,06-08,05-12,06-09,09-13,Bedok Nth Dr
6N,SBST,1,NIGHT SERVICE,02099,65201,-,-,-,30-30,
7,SBST,1,TRUNK,84009,17009,11-12,06-13,11-14,09-12,
7,SBST,2,TRUNK,17009,84009,10-12,07-13,09-13,08-13,
70,SBST,1,TRUNK,55509,03239,06-07,07-12,06-07,-,
70,SBST,2,TRUNK,03239,55509,08-12,08-13,07-09,09-09,
70A,SBST,1,TRUNK,55509,02171,-,-,-,15-15,Temasek Ave
70B,SBST,1,TRUNK,55101,66359,13-32,58-58,-,-,
70M,SBST,1,TRUNK,55509,55509,14-15,14-15,14-14,14-15,Temasek Ave
71,SBST,1,TRUNK,55509,55509,12-12,15-15,12-15,12-15,Bishan St 11
72,SBST,1,TRUNK,55509,75009,02-10,03-12,03-07,09-14,
72,SBST,2,TRUNK,75009,55509,04-08,03-12,03-07,04-11,
72A,SBST,1,TRUNK,55509,64549,09-50,59-59,-,-,
72B,SBST,1,TRUNK,55509,54481,02-03,02-04,-,-,
73,SBST,1,TRUNK,54009,54009,11-12,09-12,09-11,10-12,Lor 6 Toa Payoh
73A,SBST,1,TRUNK,54009,52009,-,-,-,10-10,Lor 6 Toa Payoh
74,SBST,1,TRUNK,64009,11379,05-13,04-14,05-10,09-13,
74,SBST,2,TRUNK,11379,64009,07-13,04-14,07-09,10-12,
74e,SBST,1,EXPRESS,64009,11379,15-15,-,-,-,
74e,SBST,2,EXPRESS,11379,64009,-,-,15-15,-,
76,SBST,1,TRUNK,55509,82009,10-11,11-14,10-14,14-15,
76,SBST,2,TRUNK,82009,55509,09-11,10-14,10-11,10-15,
7A,SBST,1,TRUNK,84009,09022,20-22,17-35,19-28,25-35,
7B,SBST,1,TRUNK,17009,08057,15-24,14-31,19-23,28-32,
8,SBST,1,TRUNK,75009,52009,04-07,04-13,06-08,07-14,
8,SBST,2,TRUNK,52009,75009,05-07,05-14,06-07,06-16,
80,SBST,1,TRUNK,67009,14009,08-12,10-14,13-16,13-16,
80,SBST,2,TRUNK,14009,67009,09-12,12-18,12-15,14-15,
800,SBST,1,FEEDER,59009,59009,05-06,06-08,05-06,06-09,Sembawang Rd
803,SBST,1,FEEDER,59009,59009,05-07,05-08,04-08,04-09,Yishun Ave 6
804,SBST,1,FEEDER,59009,59009,05-05,04-07,04-06,05-09,Yishun Ave 11
805,SBST,1,FEEDER,59009,59009,06-06,07-09,06-08,06-10,Yishun Ave 1
806,SBST,1,FEEDER,59009,59009,03-04,04-06,03-05,04-11,Yishun Ave 6
807,SBST,1,FEEDER,59009,59009,03-06,03-07,03-05,04-13,Yishun Ave 5
807A,SBST,1,FEEDER,59009,59569,04-09,04-06,-,-,
80A,SBST,1,TRUNK,67009,81089,12-28,16-27,-,-,
81,SBST,1,TRUNK,75009,75009,09-12,07-11,08-14,13-18,S'goon Ctrl
811,SBST,1,FEEDER,59009,59009,04-06,04-07,05-07,04-08,Yishun Ave 5
811A,SBST,1,FEEDER,59009,59159,-,-,05-26,05-30,Sembawang Rd
812,SBST,1,FEEDER,59009,59009,05-06,05-08,06-08,06-14,Yishun Ave 4
850E,SBST,1,EXPRESS,59581,03218,05-08,-,-,-,
850E,SBST,2,EXPRESS,03222,59579,-,-,15-15,-,
851,SBST,1,TRUNK,59009,10009,08-08,08-12,08-12,09-12,
851,SBST,2,TRUNK,10009,59009,09-10,08-12,08-09,10-12,
851e,SBST,1,EXPRESS,59009,05019,20-30,20-30,20-30,20-30,
851e,SBST,2,EXPRESS,05012,59009,20-20,20-30,20-20,30-30,
852,SBST,1,TRUNK,59009,43009,12-14,12-14,11-13,13-14,
852,SBST,2,TRUNK,43009,59009,11-14,11-14,11-14,12-14,
86,SBST,1,TRUNK,67009,54009,08-12,08-13,08-11,10-15,
86,SBST,2,TRUNK,54009,67009,11-14,08-13,08-12,10-17,
860,SBST,1,TRUNK,59009,59009,10-10,11-13,10-12,10-14,Ang Mo Kio Ave 8
87,SBST,1,TRUNK,67009,84009,04-07,03-14,04-09,04-17,
87,SBST,2,TRUNK,84009,67009,04-09,03-14,04-15,15-17,
88,SBST,1,TRUNK,77009,52009,07-09,06-12,07-10,08-12,
88,SBST,2,TRUNK,52009,77009,09-10,05-14,07-09,09-14,
88A,SBST,1,TRUNK,65069,54269,15-15,-,-,-,
88B,SBST,2,TRUNK,54261,66471,09-35,-,-,-,
89,SBST,1,TRUNK,64009,64009,07-12,07-15,09-16,14-16,Airport Cargo Rd
89A,SBST,1,TRUNK,77289,95039,26-34,-,-,-,Airport Cargo Rd
89e,SBST,1,EXPRESS,64009,95049,11-12,-,-,-,
89e,SBST,2,EXPRESS,95051,64009,-,-,12-12,-,
9,SBST,1,TRUNK,84009,84009,05-09,06-12,07-15,12-23,Airport Cargo Rd
90,SBST,1,TRUNK,52009,52009,17-19,10-26,9-16,19-32,Airport Rd
90A,SBST,1,TRUNK,52009,71189,13-46,17-17,-,-,Airport Rd
91,SBST,1,TRUNK,11379,11389,8-15,08-19,10-11,10-12,Ayer Rajah Cres
92,SBST,1,TRUNK,11009,11009,07-16,05-21,05-14,16-21,Science Pk Dr
92A,SBST,1,TRUNK,11009,11351,-,-,07-42,20-20,Science Pk Dr
92B,SBST,1,TRUNK,11009,18281,04-31,06-57,-,15-16,
92M,SBST,1,TRUNK,11009,11009,11-13,12-13,12-13,-,Nth Buona Vista Rd
93,SBST,1,TRUNK,14009,82009,13-15,10-19,11-14,14-18,
93,SBST,2,TRUNK,82009,14009,11-13,13-19,14-15,13-17,
94,SBST,1,TRUNK,82009,82009,9-24,9-26,14-17,14-14,Airport Rd
94A,SBST,1,TRUNK,82009,73019,11-12,-,-,-,Airport Rd
95,SBST,1,TRUNK,16009,16009,09-10,07-12,07-18,11-15,Holland Rd
95B,SBST,1,TRUNK,16009,11361,-,-,27-37,-,
99,SBST,1,TRUNK,17009,24009,06-07,05-12,05-09,08-12,
99,SBST,2,TRUNK,24009,17009,06-08,05-11,07-08,07-12,
9A,SBST,1,TRUNK,84009,98011,-,-,-,34-34,
CT18,SBST,1,FLAT FARE $2.00,84211,10499,-,28-38,-,-,
CT18,SBST,2,FLAT FARE $2.00,10499,84219,-,27-32,-,-,
CT8,SBST,1,FLAT FARE $2.00,55159,10499,-,11-36,-,-,
CT8,SBST,2,FLAT FARE $2.00,10499,55151,-,20-35,-,-,
110,SMRT,1,TRUNK,67759,67759,09-10,08-12,11-13,10-13,PTB2 Basement
167,SMRT,1,TRUNK,58009,10009,10,09-15,15-16,13-15,
167,SMRT,2,TRUNK,10009,58009,12-14,08-15,08-16,12-16,
167e,SMRT,1,EXPRESS,58009,03218,20-30,30,30,30,
167e,SMRT,2,EXPRESS,03223,58009,30,30,20-30,20-30,
169,SMRT,1,TRUNK,46009,54009,02-08,05-09,06-07,10,
169,SMRT,2,TRUNK,54009,46009,06-08,05-09,05-07,06-10,
169A,SMRT,1,TRUNK,46009,59073,02-08,05-09,06-07,10,
169B,SMRT,1,TRUNK,46009,46711,33,-,-,-,
171,SMRT,1,TRUNK,59009,02099,10-13,10-14,10-15,11-15,
171,SMRT,2,TRUNK,02099,59009,10-11,10-13,10-11,11-13,
172,SMRT,1,TRUNK,44009,22009,06-07,05-13,06-09,09-12,
172,SMRT,2,TRUNK,22009,44009,06-07,05-13,07-09,10-13,
176,SMRT,1,TRUNK,45009,10009,06-09,06-11,10-11,09-15,
176,SMRT,2,TRUNK,10009,45009,08-09,07-12,07-08,08-13,
178,SMRT,1,TRUNK,46009,22009,06-14,07-15,14-16,14-17,
178,SMRT,2,TRUNK,22009,46009,14-15,12-15,14-15,15-17,
178A,SMRT,1,TRUNK,46009,45139,14-42,-,-,-,
180,SMRT,1,TRUNK,22009,22009,04-09,08-13,05-11,10-12,Bt Panjang Rd
180A,SMRT,1,TRUNK,22009,44259,-,-,24-52,10,
184,SMRT,1,TRUNK,48009,48009,06-08,06-09,06-09,07-11,C'wealth Ave West
187,SMRT,1,TRUNK,46009,22009,07-09,05-11,07-13,09-13,
187,SMRT,2,TRUNK,22009,46009,06-08,06-10,06-09,07-13,
188,SMRT,1,TRUNK,44009,14009,05-10,07-16,07-13,13-14,
188,SMRT,2,TRUNK,14009,44009,09-14,07-16,07-08,08-14,
188e,SMRT,1,EXPRESS,44009,14009,15,-,-,-,
188R,SMRT,1,EXPRESS,44009,14519,35,30-35,30-33,27-31,
188R,SMRT,2,EXPRESS,14519,44009,-,30-33,28-33,30-33,
190,SMRT,1,TRUNK,44009,10499,02-05,04-07,06-07,07-11,
190,SMRT,2,TRUNK,10499,44009,08-11,04-07,04-06,05-08,
190A,SMRT,1,TRUNK,44009,08057,04-24,-,-,-,
300,SMRT,1,FEEDER,44009,44009,05-05,04-06,03-05,05-10,Choa Chu Kang Ave 3
301,SMRT,1,FEEDER,44009,44009,06-08,06-09,06-08,07-10,Keat Hong Cl
302,SMRT,1,FEEDER,44009,44009,03-05,04-06,04-06,06-10,Choa Chu Kang Cres
302A,SMRT,1,FEEDER,45321,45329,06-13,-,06-24,-,
307,SMRT,1,FEEDER,44009,44009,05-07,04-09,06-07,07-12,Choa Chu Kang St 62
307,SMRT,2,FEEDER,,,05-07,04-09,06-07,07-12,Choa Chu Kang St 62
307A,SMRT,1,FEEDER,44009,44531,10-15,10-32,10-12,10-34,Choa Chu Kang St 62
61,SMRT,1,TRUNK,43009,82009,07-09,09-14,10-13,10-15,
61,SMRT,2,TRUNK,82009,43009,08-13,09-15,08-15,11-15,
652,SMRT,1,EXPRESS,56021,03218,08,-,-,-,
652,SMRT,2,EXPRESS,03241,56029,-,-,15,-,
653,SMRT,1,EXPRESS,43811,03391,10,-,-,-,
653,SMRT,2,EXPRESS,03539,43268,-,-,15,-,
656,SMRT,1,EXPRESS,58121,03218,10,-,-,-,
656,SMRT,2,EXPRESS,03241,58129,-,-,15,-,
657,SMRT,1,EXPRESS,28539,03391,15,-,-,-,
657,SMRT,2,EXPRESS,03539,28531,-,-,15,-,
67,SMRT,1,TRUNK,44009,75009,06-09,07-12,08-11,09-13,
67,SMRT,2,TRUNK,75009,44009,07-09,06-11,08-12,09-12,
67A,SMRT,1,TRUNK,44009,41049,-,77,-,-,
67W,SMRT,1,TRUNK,75009,40011,-,77,-,-,
700,SMRT,1,TRUNK,48009,03218,04-10,10-13,10-12,-,
700,SMRT,2,TRUNK,03239,48009,13,09-13,10-11,11,
700A,SMRT,1,TRUNK,48009,48009,11-12,11-12,12,10-13,Temasek Ave
75,SMRT,1,TRUNK,48009,02099,04-09,08-14,11-14,13-16,
75,SMRT,2,TRUNK,02099,48009,09-12,07-13,08-15,13-15,
75A,SMRT,1,TRUNK,48009,12099,-,-,-,-,
825,SMRT,1,TRUNK,55509,55509,08-11,10-20,09-13,09-10,Lentor Loop
853,SMRT,1,TRUNK,59009,80009,09-12,10-15,13-14,14-18,
853,SMRT,2,TRUNK,80009,59009,08-14,08-16,11-12,12-18,
853M,SMRT,1,TRUNK,59009,94009,11-13,09-14,12-14,14-15,
853M,SMRT,2,TRUNK,94009,59009,12-18,10-15,12-14,13-15,
854,SMRT,1,TRUNK,59009,84009,05-07,05-11,07,07-12,
854,SMRT,2,TRUNK,84009,59009,04-08,05-11,06-07,07-13,
854e,SMRT,1,EXPRESS,59009,84009,15-24,-,-,-,
855,SMRT,1,TRUNK,59009,14009,10-11,10-15,13-15,12-15,
855,SMRT,2,TRUNK,14009,59009,12-13,09-14,12-13,12-14,
856,SMRT,1,TRUNK,59009,46009,05-06,05-10,05-07,05-11,
856,SMRT,2,TRUNK,46009,59009,04-06,05-11,03-07,02-11,
856A,SMRT,1,TRUNK,46009,46069,-,-,30-40,-,
857,SMRT,1,TRUNK,59009,59009,03-07,05-09,06-10,08-10,Temasek Ave
857A,SMRT,1,TRUNK,59009,55081,12,-,-,-,
858,SMRT,1,TRUNK,46009,46009,05-09,05-09,05-09,06-10,PTB2 Basement
858A,SMRT,1,TRUNK,46009,59073,-,-,-,11,
859,SMRT,1,TRUNK,58009,58009,09-11,09-11,10-11,10-13,Yishun Ctrl
859A,SMRT,1,TRUNK,58009,58009,08-20,08-36,10-22,12-25,Admiralty Link
859B,SMRT,1,TRUNK,58009,58009,08-24,08-25,09-22,11-24,Sembawang Cres
868E,SMRT,1,EXPRESS,43581,02161,15,-,-,-,
882,SMRT,1,TRUNK,58009,58009,13-17,13-17,14-18,12-17,Sembawang Rd
882A,SMRT,1,TRUNK,58009,58501,-,-,20-41,-,
883,SMRT,1,TRUNK,58009,58009,07-09,09-13,07-12,07-20,Yishun Ctrl 2
883B,SMRT,1,TRUNK,59079,58539,-,-,-,22-26,
883M,SMRT,1,TRUNK,58009,58009,-,-,-,30,Sembawang Rd
900,SMRT,1,FEEDER,46009,46009,06-08,05-09,08,06-15,Woodlands Dr 14
900A,SMRT,1,FEEDER,46009,46009,06-08,06-09,08-10,-,Woodlands Dr 17
901,SMRT,1,FEEDER,46009,46009,02-08,06-12,08-09,08-15,Woodlands Ave 6
901M,SMRT,1,FEEDER,46009,46009,08-09,08-10,07-09,08-20,Woodlands Ave 6
902,SMRT,1,FEEDER,46009,46269,03-09,02-07,-,-,
903,SMRT,1,FEEDER,46009,46009,05-09,06-09,06-08,07-14,Woodlands Ctr Rd
903M,SMRT,1,FEEDER,46009,46009,24,-,21-22,-,Marsiling Lane
904,SMRT,1,FEEDER,46009,46009,08-10,09-13,08-09,08-13,Woodlands Cres
911,SMRT,1,FEEDER,46009,46009,02-06,05-11,04-06,02-12,Woodlands Ave 2
912,SMRT,1,FEEDER,46009,46009,23-27,21-25,22-25,19-25,Woodlands Ave 7
912A,SMRT,1,FEEDER,46009,46008,05-06,07-09,06-09,06-10,Woodlands Ave 7
912B,SMRT,1,FEEDER,46008,46009,01-12,08-11,04-11,08-11,Woodlands Ctr Rd
912M,SMRT,1,FEEDER,46008,46009,20,-,20,-,Woodlands St 41
913,SMRT,1,FEEDER,46009,46009,03-07,02-07,02-07,03-10,Woodlands Circle
913,SMRT,2,FEEDER,,,03-07,02-07,02-07,03-10,Woodlands Circle
913M,SMRT,1,FEEDER,46008,46009,15-20,15-20,15-20,20,Woodlands St 13
920,SMRT,1,FEEDER,45009,45009,06,05-09,05-07,06-11,Bangkit Rd
922,SMRT,1,FEEDER,45009,45009,06-08,06-10,06-07,07-11,Bangkit Rd
925,SMRT,1,TRUNK,46009,44009,07-10,07-14,11-13,11,
925,SMRT,2,TRUNK,44009,46009,09-11,09-14,09,09-10,
925M,SMRT,1,TRUNK,46009,46009,10-11,10-12,10-13,13,Neo Tiew Cres
926,SMRT,1,TRUNK,46009,46009,-,-,-,10-15,Mandai Lake Rd
927,SMRT,1,TRUNK,44009,44009,13,12-17,13-14,13-18,Mandai Lake Rd
944,SMRT,1,FEEDER,43009,43009,12,13-16,12,15-16,Bt Batok Rd
950,SMRT,1,TRUNK,46009,46009,11-12,09-13,11-13,11-12,Jln Jim Quee
951E,SMRT,1,EXPRESS,46449,03218,06-08,-,-,-,
951E,SMRT,2,EXPRESS,03222,46441,-,-,15,-,
960,SMRT,1,TRUNK,46009,02099,08-09,08-12,10-12,10-11,
960,SMRT,2,TRUNK,02099,46009,10-11,08-11,08-09,09-11,
960e,SMRT,1,EXPRESS,46009,02099,20-30,30,30,30,
960e,SMRT,2,EXPRESS,02099,46009,30,30,20-30,20-30,
961,SMRT,1,TRUNK,46009,80009,07-11,07-15,11-15,12-15,
961,SMRT,2,TRUNK,80009,46009,11-13,08-13,08-12,11-16,
961M,SMRT,1,TRUNK,46009,80009,12-14,10-12,11-14,14-15,
961M,SMRT,2,TRUNK,80009,46009,14,08-13,13-14,14-16,
962,SMRT,1,TRUNK,46009,46009,07-08,05-10,07-08,09-10,Admiralty St
962B,SMRT,1,TRUNK,58259,58251,29-31,-,26-34,-,
962C,SMRT,1,TRUNK,47571,47591,08-09,-,-,-,
963,SMRT,1,TRUNK,46009,14009,06-13,05-14,07-13,12-15,
963,SMRT,2,TRUNK,14009,46009,08-15,06-13,06-08,08-13,
963e,SMRT,1,EXPRESS,46009,14009,20,-,-,-,
963e,SMRT,2,EXPRESS,14009,46009,-,-,30,-,
963R,SMRT,1,EXPRESS,46009,14519,32-35,30-33,32-33,32-35,
963R,SMRT,2,EXPRESS,14519,46009,-,27-33,30-31,30-33,
964,SMRT,1,TRUNK,46009,46009,04-05,04-08,04-06,05-11,Nth Woodlands Link
965,SMRT,1,TRUNK,46009,46009,04-12,08-14,09-10,10-17,Sengkang Sq
965A,SMRT,1,TRUNK,46009,59073,08-10,-,-,-,
966,SMRT,1,TRUNK,46009,46009,06-10,07-14,07-16,15-17,Marine Parade Rd
969,SMRT,1,TRUNK,46009,75009,04-08,05-10,05-09,09-12,
969,SMRT,2,TRUNK,75009,46009,03-07,05-10,05-07,03-10,
969A,SMRT,1,TRUNK,75009,59079,-,-,08-13,,
970,SMRT,1,TRUNK,45009,03218,11-16,10-16,10-16,16-17,
970,SMRT,2,TRUNK,03239,45009,13-14,10-15,10-11,11-16,
971E,SMRT,1,EXPRESS,48009,03021,06-07,-,-,-,
971E,SMRT,2,EXPRESS,03223,48009,-,-,10-15,-,
972,SMRT,1,TRUNK,45009,45009,04-05,04-10,05-08,08-10,Bencoolen St
972A,SMRT,1,TRUNK,45009,08057,-,-,-,15,
973,SMRT,1,TRUNK,45009,45009,10-13,12,10-12,10-15,Hume Ave
973A,SMRT,1,TRUNK,45009,44229,-,-,-,20,
975,SMRT,1,TRUNK,45009,45009,07,07-11,06-09,09-12,Lim Chu Kang Rd
975A,SMRT,1,TRUNK,44531,30089,16-32,-,-,-,
975B,SMRT,1,TRUNK,44531,33041,12-44,-,08-28,09-80,
976,SMRT,1,TRUNK,44009,45009,15,15,15,15,
976,SMRT,2,TRUNK,45009,44009,15,15,15,15,
979,SMRT,1,TRUNK,45009,45009,04-06,05-08,05-06,06-09,Choa Chu Kang Cres
980,SMRT,1,TRUNK,58009,80009,11-15,13-16,13-16,15-16,
980,SMRT,2,TRUNK,80009,58009,11-15,12-16,13-16,14-15,
981,SMRT,1,TRUNK,58009,47199,08-09,08-09,-,-,
981,SMRT,2,TRUNK,47121,58009,-,-,08-10,08-09,
982E,SMRT,1,EXPRESS,44589,03391,15,-,-,-,
982E,SMRT,2,EXPRESS,03539,44581,-,-,15,-,
983,SMRT,1,TRUNK,44009,44009,05-06,06-08,05-07,06-09,Jelebu Rd
983A,SMRT,1,TRUNK,44009,44131,-,-,-,15-20,
985,SMRT,1,TRUNK,44009,80009,08-10,09-11,11,11-12,
985,SMRT,2,TRUNK,80009,44009,09-10,09-13,10,11-12,
991,SMRT,1,TRUNK,43009,44009,08-11,10-12,07-09,08-15,
991,SMRT,2,TRUNK,44009,43009,08-10,09-11,08-10,08-15,
991A,SMRT,1,TRUNK,43009,43341,-,-,-,15,
991B,SMRT,1,TRUNK,44009,44099,-,-,-,18-19,
NR1,SMRT,1,NIGHT RIDER,14519,59561,-,-,-,25-25,Yishun Ring Rd
NR2,SMRT,1,NIGHT RIDER,02099,58291,-,-,-,30,
NR3,SMRT,1,NIGHT RIDER,05029,44009,-,-,-,30,
NR5,SMRT,1,NIGHT RIDER,02099,22449,-,-,-,30,
NR6,SMRT,1,NIGHT RIDER,14519,67171,-,-,-,29-29,Anchorvale Dr
NR8,SMRT,1,NIGHT RIDER,02099,43609,-,-,-,29-29,Bt Batok West Ave 5
106,TTS,1,TRUNK,43009,03218,06-09,06-12,10-10,10-13,
106,TTS,2,TRUNK,03239,43009,08-10,07-12,07-12,11-12,
106A,TTS,1,TRUNK,43009,17179,13-45,-,-,-,
143,TTS,1,TRUNK,52009,28009,08-09,08-13,10-14,13-14,
143,TTS,2,TRUNK,28009,52009,08-10,08-13,12-13,12-13,
143M,TTS,1,TRUNK,28009,28009,13-15,14-16,14-16,14-16,Pandan Gdns
173,TTS,1,TRUNK,43009,43009,08-12,09-14,09-10,15-15,Clementi Ave 3
173A,TTS,1,TRUNK,43009,43169,-,-,-,15-15,Bt Batok East Ave 4
177,TTS,1,TRUNK,43009,43009,13-15,12-15,12-12,-,Jelebu Rd
183,TTS,1,TRUNK,28009,28009,05-08,05-15,06-09,16-19,Science Pk Rd
183B,TTS,1,TRUNK,28009,28189,03-08,03-13,-,-,
189,TTS,1,TRUNK,43009,43009,06-08,05-11,07-11,10-12,Clementi Ave 1
189A,TTS,1,TRUNK,43009,43319,06-15,07-13,-,15-20,Bt Batok St 23
282,TTS,1,FEEDER,17009,17009,08-10,10-12,07-10,08-12,Clementi West St 2
284,TTS,1,FEEDER,17009,17009,05-06,06-08,04-06,04-07,Clementi Ave 4
285,TTS,1,FEEDER,17009,17009,05-06,05-12,05-06,06-14,Pandan Loop
333,TTS,1,FEEDER,28009,28009,07-09,08-12,08-08,08-12,Jurong East St 32
334,TTS,1,FEEDER,28009,28009,05-06,06-10,05-06,05-12,Jurong West St 42
335,TTS,1,FEEDER,28009,28009,07-08,07-13,07-08,07-14,Jurong West St 41
41,TTS,1,TRUNK,28009,28009,10-12,13-15,11-15,12-15,Jln Anak Bt
49,TTS,1,TRUNK,28009,28009,09-10,10-14,09-14,10-12,Jurong West St 42
651,TTS,1,EXPRESS,27461,03391,15-15,-,-,-,
651,TTS,2,EXPRESS,03539,27469,-,-,15-15,-,
66,TTS,1,TRUNK,84009,28009,09-11,10-17,12-16,15-16,
66,TTS,2,TRUNK,28009,84009,09-12,10-16,12-16,10-16,
663,TTS,1,EXPRESS,59591,03218,15-15,-,-,-,
663,TTS,2,EXPRESS,03241,59599,-,-,15-15,-,
665,TTS,1,EXPRESS,46141,03218,08-08,-,-,-,
665,TTS,2,EXPRESS,03241,46149,-,-,15-15,-,
66A,TTS,1,TRUNK,84009,40011,-,-,19-19,-,
66B,TTS,1,TRUNK,60139,28009,-,-,-,29-45,
66B,TTS,2,TRUNK,28009,07031,-,-,25-38,-,
77,TTS,1,TRUNK,43009,02089,10-11,11-12,11-14,10-15,
77,TTS,2,TRUNK,02099,43009,11-14,10-12,12-13,13-15,
78,TTS,1,TRUNK,28009,28009,06-08,06-15,07-08,11-15,Clementi Ave 3
78A,TTS,1,TRUNK,28009,29121,03-08,-,-,-,Tg Penjuru
79,TTS,1,TRUNK,28009,28009,06-10,08-18,08-12,15-17,Jurong West Ctrl 3
79A,TTS,1,TRUNK,28009,22009,-,-,-,15-15,
941,TTS,1,FEEDER,43009,43009,06-07,07-10,06-07,06-12,Bukit Batok West Avenue 9
945,TTS,1,FEEDER,43009,43009,06-09,07-10,06-07,06-15,Bt Batok St 34
947,TTS,1,FEEDER,43009,43009,05-09,08-09,06-08,06-09,Bt Batok Rd
96,TTS,1,TRUNK,17009,17009,06-07,05-13,05-07,05-10,Kent Ridge Cres
96A,TTS,1,TRUNK,17009,16169,08-10,03-09,-,-,
96B,TTS,1,TRUNK,17009,17171,-,06-19,05-19,-,
97,TTS,1,TRUNK,28009,02099,09-10,06-13,06-13,13-14,
97,TTS,2,TRUNK,02099,28009,10-11,07-14,09-10,13-13,
974,TTS,1,TRUNK,44029,24009,15-15,15-15,15-15,15-15,
974,TTS,2,TRUNK,24009,44031,15-15,15-15,15-15,15-15,
974A,TTS,1,TRUNK,44029,44539,-,-,-,08-15,
97e,TTS,1,EXPRESS,28009,02099,12-12,-,-,-,
97e,TTS,2,EXPRESS,02099,28009,-,-,12-12,-,
98,TTS,1,TRUNK,28009,28009,05-08,06-16,08-10,10-20,Jurong Pier Way
98A,TTS,1,TRUNK,28091,21179,-,-,06-10,10-20,
98B,TTS,1,TRUNK,28501,21099,05-09,-,-,-,
98M,TTS,1,TRUNK,28009,28009,-,14-18,-,14-18,Corporation Rd
990,TTS,1,TRUNK,43009,43009,12-12,12-12,12-12,12-13,Jurong Gateway Rd
